photo_link,admin_id,username,first_name,last_name,password,gender,contact_no,emergency_contact_no,email,address,city,province,type,inserted_on,updated_on
static/assets/img/profiles/avatar-01.jpg,1805151180663192,jaypatel8980332,jay,gadhiya,scrypt:32768:8:1$BckqIDxdFidPFhi2$5101ca765948b1f99b0f0b2ceb44450fddb8c3db7fb46fda489b36de9062ad3a9033d27336d4eac3acc2f8fb9e5bb083346e84a2e89cd5b11694c159280dd085,Male,+31 9237973298,+31 9837937987,harshitgadhiyassdsa8980@gmail.com,ahemdabad,Amersfoort,Utrecht,admin,01-21-2024 00:47:48,01-21-2024 00:47:48
static/assets/img/profiles/avatar-01.jpg,1805151180663432,lalpatel8980332,lal,gadhiya,scrypt:32768:8:1$bnxAUNeCd1FEPTvp$9a9372fe7a629fb76c9751a7018934487c20341c2279a28108e57eb6a0bafe10e8cc55a982eb0d15e8953970639be4ed574d3deab957712d63cd7a591eddd877,Male,+31 9237973298,+31 9837937987,harshitgadhisdsa8980@gmail.com,ahemdabad,Amersfoort,Utrecht,admin,01-21-2024 00:47:48,01-21-2024 00:47:48
static/uploads/profiles/adminadmin.jpg,4423258023878054,adminadmin,admin,admin,scrypt:32768:8:1$dUzHKBtstJdF3z0g$4a2a26d44c0e0f46db04a3f5d0d04d71c276057692f6b0afec4505daf4810f9add4790e4753e51c20cb2c652d43e0084bed2b3567da3b22c61dd35e189b300a1,Male,+31 9873298788,+31 9837823798,hgadhiya8980@gmail.com,netherlands,Almere,Flevoland,admin,01-21-2024 02:40:07,01-21-2024 02:40:07
static/assets/img/profiles/avatar-01.jpg,1805151180663202,jaypatel898010,jay,gadhiya,scrypt:32768:8:1$9PsXfEPwNhhslrLU$b9a2bea6c22c6e1ca3329a21182ed266836811165fac454aac2ad2985e2deacf7135e60b4aa54e64ace6da8d9d82c02a6ef6479bdd196179abb465f665ee9f58,Female,+31 9237973298,+31 9837937987,hgadhiya10@gmail.com,ahemdabad,Ede,Gelderland,admin,01-21-2024 00:47:48,01-21-2024 00:47:48
static/assets/img/profiles/avatar-01.jpg,1805151180663203,jaypatel898011,jay,gadhiya,scrypt:32768:8:1$AnRkNn05mtsNRbRD$80fb731586a24d5f89a91b04e18e7388936635ab46939ec1f6d63582e590b48b3d72c685cd28b2689418d97cd367ce285c0088cc2a444cdcd40b5db009b094d2,Male,+31 9237973298,+31 9837937987,hgadhiya11@gmail.com,ahemdabad,Venlo,Limburg,admin,01-21-2024 00:47:48,01-21-2024 00:47:48
static/assets/img/profiles/avatar-01.jpg,1805151180663204,jaypatel898012,jay,gadhiya,scrypt:32768:8:1$2j1lGR7XfsyDGa2P$b93fa07ae3abb7ff91a6921e537e9bfee94cf01bdb1c7553dd15bf999fbfbb1545954a84abe843c986c44530e01d099d665986f1c677690ea9786a38708fb611,Male,+31 9237973298,+31 9837937987,hgadhiya12@gmail.com,ahemdabad,Hoofddorp,North Holland,admin,01-21-2024 00:47:48,01-21-2024 00:47:48
static/assets/img/profiles/avatar-01.jpg,1805151180663205,jaypatel898013,jay,gadhiya,scrypt:32768:8:1$522pPmNZUPrDo0cJ$1e8b929c4051f8e3f7d0728c3cd7fb92a321a071d1896617ccd45571ff0ec2c0158564395fb0f9b23091aebe26d8a64198301c6f3efd33f2bece4172279ceea5,Female,+31 9237973298,+31 9837937987,hgadhiya13@gmail.com,ahemdabad,Rotterdam,South Holland,admin,01-21-2024 00:47:48,01-21-2024 00:47:48
static/assets/img/profiles/avatar-01.jpg,1805151180663206,jaypatel898014,jay,gadhiya,scrypt:32768:8:1$5W9cxDxLy39iV5Xs$dd6fbe5b293ea1c2ecc24ba6fbf787a271324ce81f2d150e3a4f55007aaa756b0ad6338c33746716121310d9e454caf45a2d4893635bd01f83980214e852a69f,Female,+31 9237973298,+31 9837937987,hgadhiya14@gmail.com,ahemdabad,Tilburg,North Brabant,admin,01-21-2024 00:47:48,01-21-2024 00:47:48
static/uploads/profiles/hardik142002.jpg,3963580781534867,hardik142002,Hardik,MORI,scrypt:32768:8:1$Hd23QKr990sbKmZa$97d3062b2e8c16329cc2f422c6f344fae4b86d3ba3217a8075022f62178cb0d315c19522eabc80bf618e75823f749321488747cab7e7beb7647adfadefc4987e,Male,+31 08788338061,+31 08788338061,hmori103@rku.ac.in,Kotharia (Rajkot),Almere,Flevoland,admin,01-21-2024 12:10:15,01-21-2024 12:10:15
static/uploads/profiles/jasgdh.jpg,2165181681443470,"j,asgdh",has,dsf,scrypt:32768:8:1$dcFgbFsZBqbmiU0D$4c2fc21977da699ac2a3fb69c0f7788fc07e8f73f0548bdca4facd00bccc009ce0bad5bfedbabc29c7be952032f9aefb0289c411afb7c8cf42885799b1ae01e3,Others,+31 672513,+31 21367456743,xzcgzxc@gmail.com,jysgd,Aalsmeer,North Holland,admin,01-21-2024 12:16:25,01-21-2024 12:16:25
static/uploads/profiles/jsagfdu.jpg,2816166830795776,jsagfdu,jhgd,jhsvdasd,scrypt:32768:8:1$M2SNC2aOMpvCTSjq$57c5200e901042826066c0382d64708412e8a1082a44b7c4efb1bd8509e986c47a72a60f820576e0a035803ec5ed1f60ca8d05c3bb9b686a3dece5be8d04dcb8,Male,+31 3178532463324,+31 378326483259,ashdg@gmail.com,amhsgd,Aalsmeer,North Holland,admin,01-21-2024 12:27:08,01-21-2024 12:27:08
